Window_Index,Source_Capture,True_Class,Scalar_Baseline_Prediction,Baseline_Confidence_Pct,Window_Est_BPM,Window_Sig_RMS,Window_Dropout_Ratio,Root_Physical_Failure_Mechanism,How_D9_Ensemble_Resolves_It
61,normal_breathing_02,Normal (12-20 BPM),Fast / Tachypnea (>22 BPM),53.0,11.72,0.4083,0.3486,Spectral harmonic spillover: 2nd respiratory harmonic near 0.45 Hz mimics tachypnea in scalar FFT,Resolved by 112-SC AC spatial-dynamic profile + D9 Ensemble
68,normal_breathing_02,Normal (12-20 BPM),Fast / Tachypnea (>22 BPM),47.0,22.85,0.2745,0.5479,Spectral harmonic spillover: 2nd respiratory harmonic near 0.45 Hz mimics tachypnea in scalar FFT,Resolved by 112-SC AC spatial-dynamic profile + D9 Ensemble
74,normal_breathing_02,Normal (12-20 BPM),Apnea (Hold),85.0,15.23,0.3138,0.5298,Brief residual chest micro-motion at start/end of breath-hold mimics low-amplitude breathing,Resolved by sub-window dropout_ratio & multi-subcarrier AC velocity
75,normal_breathing_02,Normal (12-20 BPM),Apnea (Hold),57.0,14.06,0.3179,0.5631,Brief residual chest micro-motion at start/end of breath-hold mimics low-amplitude breathing,Resolved by sub-window dropout_ratio & multi-subcarrier AC velocity
76,normal_breathing_02,Normal (12-20 BPM),Apnea (Hold),72.0,15.82,0.3234,0.5544,Brief residual chest micro-motion at start/end of breath-hold mimics low-amplitude breathing,Resolved by sub-window dropout_ratio & multi-subcarrier AC velocity
77,normal_breathing_02,Normal (12-20 BPM),Apnea (Hold),48.0,22.85,0.3319,0.6044,Brief residual chest micro-motion at start/end of breath-hold mimics low-amplitude breathing,Resolved by sub-window dropout_ratio & multi-subcarrier AC velocity
78,normal_breathing_02,Normal (12-20 BPM),Apnea (Hold),61.0,16.41,0.3449,0.5894,Brief residual chest micro-motion at start/end of breath-hold mimics low-amplitude breathing,Resolved by sub-window dropout_ratio & multi-subcarrier AC velocity
141,normal_breathing_03,Normal (12-20 BPM),Apnea (Hold),59.0,17.58,0.2599,0.6828,Brief residual chest micro-motion at start/end of breath-hold mimics low-amplitude breathing,Resolved by sub-window dropout_ratio & multi-subcarrier AC velocity
161,normal_breathing_03,Normal (12-20 BPM),Fast / Tachypnea (>22 BPM),76.0,22.85,0.3611,0.3003,Spectral harmonic spillover: 2nd respiratory harmonic near 0.45 Hz mimics tachypnea in scalar FFT,Resolved by 112-SC AC spatial-dynamic profile + D9 Ensemble
171,fast_breathing_01,Fast / Tachypnea (>22 BPM),Apnea (Hold),71.0,34.57,0.5319,0.3405,Brief residual chest micro-motion at start/end of breath-hold mimics low-amplitude breathing,Resolved by sub-window dropout_ratio & multi-subcarrier AC velocity
172,fast_breathing_01,Fast / Tachypnea (>22 BPM),Apnea (Hold),54.0,22.85,0.5077,0.4123,Brief residual chest micro-motion at start/end of breath-hold mimics low-amplitude breathing,Resolved by sub-window dropout_ratio & multi-subcarrier AC velocity
173,fast_breathing_01,Fast / Tachypnea (>22 BPM),Normal (12-20 BPM),62.0,14.06,0.4816,0.3897,Shallow rapid breathing lowers wideband RMS into resting normal range during transition window,Resolved by fast_to_sig_rms_ratio + D5 10-step temporal trajectory
174,fast_breathing_01,Fast / Tachypnea (>22 BPM),Normal (12-20 BPM),49.0,14.06,0.4677,0.3521,Shallow rapid breathing lowers wideband RMS into resting normal range during transition window,Resolved by fast_to_sig_rms_ratio + D5 10-step temporal trajectory
178,fast_breathing_01,Fast / Tachypnea (>22 BPM),Normal (12-20 BPM),50.0,11.72,0.4281,0.3723,Shallow rapid breathing lowers wideband RMS into resting normal range during transition window,Resolved by fast_to_sig_rms_ratio + D5 10-step temporal trajectory
179,fast_breathing_01,Fast / Tachypnea (>22 BPM),Normal (12-20 BPM),52.0,11.72,0.4169,0.4103,Shallow rapid breathing lowers wideband RMS into resting normal range during transition window,Resolved by fast_to_sig_rms_ratio + D5 10-step temporal trajectory
183,fast_breathing_01,Fast / Tachypnea (>22 BPM),Normal (12-20 BPM),65.0,11.72,0.3567,0.3964,Shallow rapid breathing lowers wideband RMS into resting normal range during transition window,Resolved by fast_to_sig_rms_ratio + D5 10-step temporal trajectory
186,fast_breathing_01,Fast / Tachypnea (>22 BPM),Normal (12-20 BPM),68.0,11.72,0.2902,0.4649,Shallow rapid breathing lowers wideband RMS into resting normal range during transition window,Resolved by fast_to_sig_rms_ratio + D5 10-step temporal trajectory
194,fast_breathing_01,Fast / Tachypnea (>22 BPM),Apnea (Hold),63.0,30.47,0.3059,0.4662,Brief residual chest micro-motion at start/end of breath-hold mimics low-amplitude breathing,Resolved by sub-window dropout_ratio & multi-subcarrier AC velocity
196,fast_breathing_01,Fast / Tachypnea (>22 BPM),Apnea (Hold),57.0,22.85,0.3182,0.3889,Brief residual chest micro-motion at start/end of breath-hold mimics low-amplitude breathing,Resolved by sub-window dropout_ratio & multi-subcarrier AC velocity
203,fast_breathing_01,Fast / Tachypnea (>22 BPM),Apnea (Hold),54.0,22.85,0.3132,0.549,Brief residual chest micro-motion at start/end of breath-hold mimics low-amplitude breathing,Resolved by sub-window dropout_ratio & multi-subcarrier AC velocity
218,fast_breathing_01,Fast / Tachypnea (>22 BPM),Apnea (Hold),50.0,28.12,0.3824,0.5357,Brief residual chest micro-motion at start/end of breath-hold mimics low-amplitude breathing,Resolved by sub-window dropout_ratio & multi-subcarrier AC velocity
220,fast_breathing_01,Fast / Tachypnea (>22 BPM),Apnea (Hold),68.0,22.85,0.402,0.4813,Brief residual chest micro-motion at start/end of breath-hold mimics low-amplitude breathing,Resolved by sub-window dropout_ratio & multi-subcarrier AC velocity
222,fast_breathing_01,Fast / Tachypnea (>22 BPM),Apnea (Hold),64.0,22.85,0.4008,0.4709,Brief residual chest micro-motion at start/end of breath-hold mimics low-amplitude breathing,Resolved by sub-window dropout_ratio & multi-subcarrier AC velocity
234,fast_breathing_01,Fast / Tachypnea (>22 BPM),Apnea (Hold),54.0,22.85,0.3739,0.3991,Brief residual chest micro-motion at start/end of breath-hold mimics low-amplitude breathing,Resolved by sub-window dropout_ratio & multi-subcarrier AC velocity
235,fast_breathing_01,Fast / Tachypnea (>22 BPM),Normal (12-20 BPM),62.0,18.75,0.3675,0.3203,Shallow rapid breathing lowers wideband RMS into resting normal range during transition window,Resolved by fast_to_sig_rms_ratio + D5 10-step temporal trajectory
236,fast_breathing_01,Fast / Tachypnea (>22 BPM),Normal (12-20 BPM),49.0,18.75,0.3694,0.4251,Shallow rapid breathing lowers wideband RMS into resting normal range during transition window,Resolved by fast_to_sig_rms_ratio + D5 10-step temporal trajectory
239,fast_breathing_01,Fast / Tachypnea (>22 BPM),Apnea (Hold),51.0,22.85,0.3077,0.5973,Brief residual chest micro-motion at start/end of breath-hold mimics low-amplitude breathing,Resolved by sub-window dropout_ratio & multi-subcarrier AC velocity
240,fast_breathing_01,Fast / Tachypnea (>22 BPM),Apnea (Hold),51.0,22.85,0.2937,0.5815,Brief residual chest micro-motion at start/end of breath-hold mimics low-amplitude breathing,Resolved by sub-window dropout_ratio & multi-subcarrier AC velocity
248,fast_breathing_01,Fast / Tachypnea (>22 BPM),Normal (12-20 BPM),51.0,18.75,0.3581,0.5134,Shallow rapid breathing lowers wideband RMS into resting normal range during transition window,Resolved by fast_to_sig_rms_ratio + D5 10-step temporal trajectory
249,fast_breathing_01,Fast / Tachypnea (>22 BPM),Normal (12-20 BPM),45.0,18.75,0.3701,0.4768,Shallow rapid breathing lowers wideband RMS into resting normal range during transition window,Resolved by fast_to_sig_rms_ratio + D5 10-step temporal trajectory
250,fast_breathing_01,Fast / Tachypnea (>22 BPM),Normal (12-20 BPM),52.0,18.75,0.4444,0.312,Shallow rapid breathing lowers wideband RMS into resting normal range during transition window,Resolved by fast_to_sig_rms_ratio + D5 10-step temporal trajectory
255,fast_breathing_01,Fast / Tachypnea (>22 BPM),Normal (12-20 BPM),48.0,15.82,0.4936,0.3172,Shallow rapid breathing lowers wideband RMS into resting normal range during transition window,Resolved by fast_to_sig_rms_ratio + D5 10-step temporal trajectory
257,apnea_01,Apnea (Hold),Fast / Tachypnea (>22 BPM),58.0,22.85,0.475,0.3913,Brief residual chest micro-motion at start/end of breath-hold mimics low-amplitude breathing,Resolved by sub-window dropout_ratio & multi-subcarrier AC velocity
258,apnea_01,Apnea (Hold),Fast / Tachypnea (>22 BPM),72.0,22.85,0.3897,0.4311,Brief residual chest micro-motion at start/end of breath-hold mimics low-amplitude breathing,Resolved by sub-window dropout_ratio & multi-subcarrier AC velocity
259,apnea_01,Apnea (Hold),Fast / Tachypnea (>22 BPM),54.0,22.85,0.3574,0.344,Brief residual chest micro-motion at start/end of breath-hold mimics low-amplitude breathing,Resolved by sub-window dropout_ratio & multi-subcarrier AC velocity
260,apnea_01,Apnea (Hold),Fast / Tachypnea (>22 BPM),80.0,22.85,0.325,0.4656,Brief residual chest micro-motion at start/end of breath-hold mimics low-amplitude breathing,Resolved by sub-window dropout_ratio & multi-subcarrier AC velocity
261,apnea_01,Apnea (Hold),Fast / Tachypnea (>22 BPM),80.0,22.85,0.3141,0.5593,Brief residual chest micro-motion at start/end of breath-hold mimics low-amplitude breathing,Resolved by sub-window dropout_ratio & multi-subcarrier AC velocity
262,apnea_01,Apnea (Hold),Fast / Tachypnea (>22 BPM),57.0,22.85,0.3184,0.4655,Brief residual chest micro-motion at start/end of breath-hold mimics low-amplitude breathing,Resolved by sub-window dropout_ratio & multi-subcarrier AC velocity
263,apnea_01,Apnea (Hold),Fast / Tachypnea (>22 BPM),73.0,25.2,0.3223,0.5656,Brief residual chest micro-motion at start/end of breath-hold mimics low-amplitude breathing,Resolved by sub-window dropout_ratio & multi-subcarrier AC velocity
264,apnea_01,Apnea (Hold),Fast / Tachypnea (>22 BPM),64.0,26.37,0.2936,0.5181,Brief residual chest micro-motion at start/end of breath-hold mimics low-amplitude breathing,Resolved by sub-window dropout_ratio & multi-subcarrier AC velocity
270,apnea_01,Apnea (Hold),Normal (12-20 BPM),43.0,14.06,0.2859,0.4567,Brief residual chest micro-motion at start/end of breath-hold mimics low-amplitude breathing,Resolved by sub-window dropout_ratio & multi-subcarrier AC velocity
278,apnea_01,Apnea (Hold),Normal (12-20 BPM),50.0,15.23,0.3423,0.5397,Brief residual chest micro-motion at start/end of breath-hold mimics low-amplitude breathing,Resolved by sub-window dropout_ratio & multi-subcarrier AC velocity
280,apnea_01,Apnea (Hold),Normal (12-20 BPM),70.0,15.82,0.352,0.4633,Brief residual chest micro-motion at start/end of breath-hold mimics low-amplitude breathing,Resolved by sub-window dropout_ratio & multi-subcarrier AC velocity
281,apnea_01,Apnea (Hold),Normal (12-20 BPM),77.0,16.41,0.3553,0.5948,Brief residual chest micro-motion at start/end of breath-hold mimics low-amplitude breathing,Resolved by sub-window dropout_ratio & multi-subcarrier AC velocity
282,apnea_01,Apnea (Hold),Normal (12-20 BPM),76.0,16.99,0.3669,0.4391,Brief residual chest micro-motion at start/end of breath-hold mimics low-amplitude breathing,Resolved by sub-window dropout_ratio & multi-subcarrier AC velocity
283,apnea_01,Apnea (Hold),Normal (12-20 BPM),64.0,18.16,0.3695,0.562,Brief residual chest micro-motion at start/end of breath-hold mimics low-amplitude breathing,Resolved by sub-window dropout_ratio & multi-subcarrier AC velocity
286,apnea_01,Apnea (Hold),Normal (12-20 BPM),56.0,18.75,0.443,0.5158,Brief residual chest micro-motion at start/end of breath-hold mimics low-amplitude breathing,Resolved by sub-window dropout_ratio & multi-subcarrier AC velocity
287,apnea_01,Apnea (Hold),Normal (12-20 BPM),60.0,18.75,0.456,0.3234,Brief residual chest micro-motion at start/end of breath-hold mimics low-amplitude breathing,Resolved by sub-window dropout_ratio & multi-subcarrier AC velocity
289,apnea_01,Apnea (Hold),Normal (12-20 BPM),64.0,18.75,0.4731,0.3142,Brief residual chest micro-motion at start/end of breath-hold mimics low-amplitude breathing,Resolved by sub-window dropout_ratio & multi-subcarrier AC velocity
308,apnea_01,Apnea (Hold),Normal (12-20 BPM),52.0,15.23,0.4562,0.4635,Brief residual chest micro-motion at start/end of breath-hold mimics low-amplitude breathing,Resolved by sub-window dropout_ratio & multi-subcarrier AC velocity
313,apnea_01,Apnea (Hold),Normal (12-20 BPM),72.0,16.41,0.4982,0.3956,Brief residual chest micro-motion at start/end of breath-hold mimics low-amplitude breathing,Resolved by sub-window dropout_ratio & multi-subcarrier AC velocity
334,apnea_01,Apnea (Hold),Fast / Tachypnea (>22 BPM),59.0,25.2,0.3855,0.4186,Brief residual chest micro-motion at start/end of breath-hold mimics low-amplitude breathing,Resolved by sub-window dropout_ratio & multi-subcarrier AC velocity
335,apnea_01,Apnea (Hold),Fast / Tachypnea (>22 BPM),68.0,22.85,0.3865,0.4973,Brief residual chest micro-motion at start/end of breath-hold mimics low-amplitude breathing,Resolved by sub-window dropout_ratio & multi-subcarrier AC velocity
343,apnea_01,Apnea (Hold),Fast / Tachypnea (>22 BPM),47.0,22.85,0.3504,0.4591,Brief residual chest micro-motion at start/end of breath-hold mimics low-amplitude breathing,Resolved by sub-window dropout_ratio & multi-subcarrier AC velocity
345,apnea_01,Apnea (Hold),Fast / Tachypnea (>22 BPM),62.0,23.44,0.3207,0.4655,Brief residual chest micro-motion at start/end of breath-hold mimics low-amplitude breathing,Resolved by sub-window dropout_ratio & multi-subcarrier AC velocity
346,apnea_01,Apnea (Hold),Fast / Tachypnea (>22 BPM),74.0,24.02,0.309,0.3768,Brief residual chest micro-motion at start/end of breath-hold mimics low-amplitude breathing,Resolved by sub-window dropout_ratio & multi-subcarrier AC velocity
358,apnea_01,Apnea (Hold),Fast / Tachypnea (>22 BPM),89.0,22.85,0.3258,0.513,Brief residual chest micro-motion at start/end of breath-hold mimics low-amplitude breathing,Resolved by sub-window dropout_ratio & multi-subcarrier AC velocity
361,apnea_01,Apnea (Hold),Fast / Tachypnea (>22 BPM),60.0,22.85,0.3368,0.6566,Brief residual chest micro-motion at start/end of breath-hold mimics low-amplitude breathing,Resolved by sub-window dropout_ratio & multi-subcarrier AC velocity
366,apnea_01,Apnea (Hold),Normal (12-20 BPM),48.0,14.06,0.3527,0.5486,Brief residual chest micro-motion at start/end of breath-hold mimics low-amplitude breathing,Resolved by sub-window dropout_ratio & multi-subcarrier AC velocity
