Class_ID,Class_Label,Time_Step_Index,Mean_sig_rms,Mean_fast_rms,Mean_dropout_ratio,Mean_est_bpm,Temporal_Step_Std_sig_rms
0,Normal (12-20 BPM),t_1 (0s-3s),0.5039,0.3287,0.4354,20.59,0.2829
0,Normal (12-20 BPM),t_2 (1s-4s),0.489,0.3127,0.4476,18.87,0.2543
0,Normal (12-20 BPM),t_3 (2s-5s),0.4955,0.3249,0.4379,20.67,0.2755
0,Normal (12-20 BPM),t_4 (3s-6s),0.4813,0.3109,0.449,18.93,0.2507
0,Normal (12-20 BPM),t_5 (4s-7s),0.4901,0.3228,0.4411,20.5,0.2748
0,Normal (12-20 BPM),t_6 (5s-8s),0.4784,0.2966,0.4514,18.96,0.2508
0,Normal (12-20 BPM),t_7 (6s-9s),0.4891,0.3236,0.4421,20.61,0.2746
0,Normal (12-20 BPM),t_8 (7s-10s),0.4774,0.2968,0.4506,18.96,0.2501
0,Normal (12-20 BPM),t_9 (8s-11s),0.4877,0.3234,0.4432,20.71,0.2745
0,Normal (12-20 BPM),t_10 (9s-12s),0.4762,0.2984,0.4521,18.96,0.2495
1,Fast / Tachypnea (>22 BPM),t_1 (0s-3s),0.4013,0.2244,0.5503,18.42,0.1048
1,Fast / Tachypnea (>22 BPM),t_2 (1s-4s),0.3977,0.23,0.5455,18.83,0.1014
1,Fast / Tachypnea (>22 BPM),t_3 (2s-5s),0.3928,0.2289,0.5365,18.83,0.0961
1,Fast / Tachypnea (>22 BPM),t_4 (3s-6s),0.3891,0.2282,0.5478,18.86,0.0916
1,Fast / Tachypnea (>22 BPM),t_5 (4s-7s),0.3863,0.2318,0.5476,19.14,0.0909
1,Fast / Tachypnea (>22 BPM),t_6 (5s-8s),0.3843,0.2362,0.5371,19.03,0.0882
1,Fast / Tachypnea (>22 BPM),t_7 (6s-9s),0.387,0.2374,0.5419,19.08,0.0956
1,Fast / Tachypnea (>22 BPM),t_8 (7s-10s),0.3915,0.236,0.5391,19.19,0.1103
1,Fast / Tachypnea (>22 BPM),t_9 (8s-11s),0.3949,0.2503,0.5346,19.03,0.1186
1,Fast / Tachypnea (>22 BPM),t_10 (9s-12s),0.3991,0.2489,0.5376,19.05,0.1238
2,Apnea (Hold),t_1 (0s-3s),0.4299,0.251,0.4834,18.81,0.1212
2,Apnea (Hold),t_2 (1s-4s),0.4213,0.2588,0.4779,18.83,0.1108
2,Apnea (Hold),t_3 (2s-5s),0.4184,0.2312,0.4734,19.43,0.1077
2,Apnea (Hold),t_4 (3s-6s),0.4175,0.2494,0.4778,19.0,0.1079
2,Apnea (Hold),t_5 (4s-7s),0.4161,0.2565,0.4792,18.92,0.1089
2,Apnea (Hold),t_6 (5s-8s),0.4163,0.2318,0.4732,19.51,0.1076
2,Apnea (Hold),t_7 (6s-9s),0.4182,0.2504,0.4811,18.98,0.1081
2,Apnea (Hold),t_8 (7s-10s),0.4187,0.2604,0.4808,18.96,0.1085
2,Apnea (Hold),t_9 (8s-11s),0.4195,0.2353,0.4758,19.51,0.107
2,Apnea (Hold),t_10 (9s-12s),0.4218,0.2528,0.4814,19.0,0.1061
