source_file,class_label,sc_spatial_ratio,sc_spatial_std
normal_breathing_01,normal,1.2152479165323224,2.0163681475344992
normal_breathing_01,normal,1.2158850530222554,2.018818421658388
normal_breathing_01,normal,1.215814897511262,2.0075833381539154
normal_breathing_01,normal,1.2145778782566266,2.0038036854704524
normal_breathing_01,normal,1.2161030108981685,2.0120691311822045
normal_breathing_01,normal,1.215879631049629,2.0034268925774867
normal_breathing_01,normal,1.2147858675323393,2.0071177275274796
normal_breathing_01,normal,1.215626022558191,2.010023829452597
normal_breathing_01,normal,1.2163440356337685,2.026296056955368
normal_breathing_01,normal,1.2175580590930455,2.039959751754603
normal_breathing_01,normal,1.2173360024439024,2.044991526606416
normal_breathing_01,normal,1.2172909694814307,2.044643381789883
normal_breathing_01,normal,1.2180041666609356,2.0373463834687686
normal_breathing_01,normal,1.217419877516282,2.0394725439647705
normal_breathing_01,normal,1.218303794127193,2.038735736867219
normal_breathing_01,normal,1.2181628598489005,2.031171395697149
normal_breathing_01,normal,1.2162334558050685,2.016277698741071
normal_breathing_01,normal,1.2140176164764513,1.9934830238528145
normal_breathing_01,normal,1.211876192473273,1.9813907715234387
normal_breathing_01,normal,1.207560723459843,1.938503589278198
normal_breathing_01,normal,1.203163408674287,1.8990258428654776
normal_breathing_01,normal,1.1978229553934,1.8549271608633073
normal_breathing_01,normal,1.1948369924964002,1.8297399985982807
normal_breathing_01,normal,1.1930198985961804,1.8118111249997788
normal_breathing_01,normal,1.1902271837561618,1.7924124800229744
normal_breathing_01,normal,1.18990689647822,1.797859542251772
normal_breathing_01,normal,1.1892302350449864,1.8008511144853532
normal_breathing_01,normal,1.1895434861299536,1.8007660116440423
normal_breathing_01,normal,1.1897874343988524,1.8098802363650406
normal_breathing_01,normal,1.1894328096611306,1.8134818426740822
normal_breathing_01,normal,1.189910681639925,1.8069954517311773
normal_breathing_01,normal,1.1901364794913663,1.8010426611372965
normal_breathing_01,normal,1.1917841459256657,1.8144532950905092
normal_breathing_01,normal,1.193165694480061,1.8256046690360352
normal_breathing_01,normal,1.1938828475527334,1.820044773672374
normal_breathing_01,normal,1.1953729031252736,1.8263241423982697
normal_breathing_01,normal,1.1951107604477893,1.82247830369632
normal_breathing_01,normal,1.1954780377905823,1.8303818641529248
normal_breathing_01,normal,1.1945486024371608,1.8158799465927462
normal_breathing_01,normal,1.1939678252690287,1.8070154651485142
normal_breathing_01,normal,1.1942239946105886,1.8115734527599536
normal_breathing_01,normal,1.1941965214475172,1.8159324888510562
normal_breathing_01,normal,1.1952096817205209,1.8352472884055864
normal_breathing_01,normal,1.1953070723776649,1.8391547361232268
normal_breathing_01,normal,1.1952460599260688,1.8438040781295657
normal_breathing_01,normal,1.195980532141395,1.8543030772743185
normal_breathing_01,normal,1.1959658987536674,1.8569232867766978
normal_breathing_01,normal,1.1963676935276724,1.856565426789045
normal_breathing_01,normal,1.1972865913753203,1.8608233209208977
normal_breathing_01,normal,1.1974548607515494,1.8575035824063992
normal_breathing_01,normal,1.1979604110890323,1.857677925161893
normal_breathing_01,normal,1.1983219546992665,1.8613528357330622
normal_breathing_01,normal,1.198436721056206,1.8624477023311394
normal_breathing_01,normal,1.1983914339146278,1.8627155816738863
normal_breathing_01,normal,1.19857459999858,1.8636174369937935
normal_breathing_01,normal,1.1998724510409344,1.8687646585759037
normal_breathing_01,normal,1.199827320287711,1.874372694674624
normal_breathing_01,normal,1.1995870735041574,1.8709750646370662
normal_breathing_02,normal,1.2319530796245213,2.26382882110042
normal_breathing_02,normal,1.2317868527742069,2.2627068713976355
normal_breathing_02,normal,1.2328223612826594,2.273365907266418
normal_breathing_02,normal,1.2333669353509313,2.289693508414062
normal_breathing_02,normal,1.2328031178632397,2.2848129347286767
normal_breathing_02,normal,1.2318479268656568,2.282972836025733
normal_breathing_02,normal,1.2309076673946067,2.2895359227708325
normal_breathing_02,normal,1.230275391400472,2.2858986471637386
normal_breathing_02,normal,1.2294960618374537,2.284692845908452
normal_breathing_02,normal,1.2296462155908976,2.2916272180073474
normal_breathing_02,normal,1.2290065901098617,2.290977203842716
normal_breathing_02,normal,1.2277479241792817,2.2823490595994382
normal_breathing_02,normal,1.2276765863519636,2.2670438468732095
normal_breathing_02,normal,1.2263176763265289,2.2468529687460586
normal_breathing_02,normal,1.2256823598471918,2.2353915280118497
normal_breathing_02,normal,1.2241348562504697,2.2162411009975482
normal_breathing_02,normal,1.2241899518436696,2.21015261993813
normal_breathing_02,normal,1.2238280472478742,2.2094710539355615
normal_breathing_02,normal,1.222076908383916,2.208692726040899
normal_breathing_02,normal,1.222643415173766,2.210326053365743
normal_breathing_02,normal,1.2225336278959678,2.208769330396988
normal_breathing_02,normal,1.222618473739008,2.203344208741199
normal_breathing_02,normal,1.2212369334790267,2.1880515464853127
normal_breathing_02,normal,1.2206315836712374,2.184935348237371
normal_breathing_02,normal,1.2200238902262577,2.1764979273350322
normal_breathing_02,normal,1.2183822156899438,2.1703654041194125
normal_breathing_02,normal,1.2175266038650894,2.1580455352191206
normal_breathing_02,normal,1.217933937647338,2.1595857654736976
normal_breathing_02,normal,1.2187508868988777,2.1686786360608314
normal_breathing_02,normal,1.2188799906458012,2.1514556559600666
normal_breathing_02,normal,1.2198309482519036,2.1451997980930857
normal_breathing_02,normal,1.217885996363012,2.1298159145684776
normal_breathing_02,normal,1.2167699529231606,2.1232668905239587
normal_breathing_02,normal,1.2143357044966014,2.1147578600561796
normal_breathing_02,normal,1.212399632630181,2.1044592550661836
normal_breathing_02,normal,1.2107638377231493,2.0987370785573765
normal_breathing_02,normal,1.2085011843355957,2.118845235994668
normal_breathing_02,normal,1.20969576624041,2.1328934341700547
normal_breathing_02,normal,1.2090948004178204,2.150476652365209
normal_breathing_02,normal,1.2087791865287314,2.146575186276121
normal_breathing_02,normal,1.2088616817129403,2.1455621213527762
normal_breathing_02,normal,1.2091871467080844,2.1878474137144672
normal_breathing_02,normal,1.210985976526313,2.20401177333331
normal_breathing_02,normal,1.209429798547389,2.167761943317039
normal_breathing_02,normal,1.2086420251668226,2.1146979883651857
normal_breathing_02,normal,1.2075372560803908,2.0811816916441166
normal_breathing_02,normal,1.2051596028143328,2.0321124494397935
normal_breathing_02,normal,1.2058485789990294,1.9962877680283797
normal_breathing_02,normal,1.2020841130131443,1.9087554876081518
normal_breathing_02,normal,1.204539092543518,1.9402938017565825
normal_breathing_02,normal,1.2061203170503692,1.9709155485561491
normal_breathing_02,normal,1.2098605094219306,2.028595321647653
normal_breathing_02,normal,1.2142699137464457,2.0886027056827343
normal_breathing_02,normal,1.2151244218097594,2.1079599890001584
normal_breathing_02,normal,1.2194888773920152,2.16788696302595
normal_breathing_02,normal,1.2205735695226738,2.171798218795166
normal_breathing_02,normal,1.2219396931733693,2.191286101366055
normal_breathing_02,normal,1.2205091389165617,2.167935081194784
normal_breathing_03,normal,1.1893588113547875,1.7833469479130462
normal_breathing_03,normal,1.1884781656254366,1.776611866660298
normal_breathing_03,normal,1.1887166126789364,1.7734542943610716
normal_breathing_03,normal,1.1887605413264188,1.767040416909985
normal_breathing_03,normal,1.1886987022665965,1.7552696708710953
normal_breathing_03,normal,1.189275425478075,1.7566398145660527
normal_breathing_03,normal,1.1896023979914956,1.7549181836311567
normal_breathing_03,normal,1.1905811006825464,1.7590724600698064
normal_breathing_03,normal,1.1913764325152665,1.7583068803698052
normal_breathing_03,normal,1.1918502838973841,1.7583360862096957
normal_breathing_03,normal,1.1922199727900213,1.7703831759360456
normal_breathing_03,normal,1.192031764504618,1.7691105529535007
normal_breathing_03,normal,1.1925644905800272,1.781543850519474
normal_breathing_03,normal,1.1917058092452613,1.7723321552647062
normal_breathing_03,normal,1.1911595651350473,1.7811538140312497
normal_breathing_03,normal,1.1907784329240405,1.7852548309843603
normal_breathing_03,normal,1.1904545663774198,1.784223392286733
normal_breathing_03,normal,1.1905045774075091,1.784580591675455
normal_breathing_03,normal,1.1919431001909933,1.7887026513908597
normal_breathing_03,normal,1.1919467758141498,1.788647045798733
normal_breathing_03,normal,1.1927468298733115,1.785910461430022
normal_breathing_03,normal,1.1932004044011235,1.792025018277339
normal_breathing_03,normal,1.1935259172568349,1.7955041884547838
normal_breathing_03,normal,1.19359682822984,1.7963233803162575
normal_breathing_03,normal,1.192172847751086,1.7886460962651731
normal_breathing_03,normal,1.192240889470545,1.8008444533130192
normal_breathing_03,normal,1.1917877415755551,1.8097700990746706
normal_breathing_03,normal,1.1911065811070831,1.805561638093695
normal_breathing_03,normal,1.1903727024598483,1.8050140754650033
normal_breathing_03,normal,1.1902856910673705,1.8105841837127414
normal_breathing_03,normal,1.1907510864249395,1.8173715175327436
normal_breathing_03,normal,1.1910478383122791,1.8194815546918457
normal_breathing_03,normal,1.190594181330608,1.8109055681175525
normal_breathing_03,normal,1.1908416847153989,1.8078111707587903
normal_breathing_03,normal,1.191976281867483,1.804251578557306
normal_breathing_03,normal,1.1925878357598132,1.8066915537518253
normal_breathing_03,normal,1.1925701319130957,1.8070460775191044
normal_breathing_03,normal,1.1927885236256914,1.8103302050186247
normal_breathing_03,normal,1.192547161186018,1.806744300787532
normal_breathing_03,normal,1.192266369524618,1.8033468193141484
normal_breathing_03,normal,1.1925552199773566,1.8112465321149809
normal_breathing_03,normal,1.1915007095917176,1.8057220817279063
normal_breathing_03,normal,1.1919094031063595,1.8094293502366934
normal_breathing_03,normal,1.190477998672043,1.8015770135629645
normal_breathing_03,normal,1.1907888376935034,1.8081073998126445
normal_breathing_03,normal,1.1914083156197477,1.8178185969805511
normal_breathing_03,normal,1.1905761071732837,1.8182159452104714
normal_breathing_03,normal,1.1915275903115154,1.8159791697004064
normal_breathing_03,normal,1.1915882008986847,1.808239850011411
normal_breathing_03,normal,1.19251720355263,1.8108414539223108
normal_breathing_03,normal,1.1927309616779926,1.8140890425473732
normal_breathing_03,normal,1.1924380086888833,1.8085632457443468
normal_breathing_03,normal,1.1926513307706068,1.8069639155961126
normal_breathing_03,normal,1.1922893030340114,1.811770959617272
normal_breathing_03,normal,1.1918804055876953,1.8182833034088652
fast_breathing_01,tachypnea_fast,1.1147424279969878,1.37811880608864
fast_breathing_01,tachypnea_fast,1.1148373335521768,1.3767947305854382
fast_breathing_01,tachypnea_fast,1.1143993617484342,1.3679885879531872
fast_breathing_01,tachypnea_fast,1.1145461494584203,1.3675831867637964
fast_breathing_01,tachypnea_fast,1.1137361009247446,1.3619899623334886
fast_breathing_01,tachypnea_fast,1.1128883285330236,1.354518941666669
fast_breathing_01,tachypnea_fast,1.1122065304617206,1.3470259093079706
fast_breathing_01,tachypnea_fast,1.1106801880645054,1.3362322553075303
fast_breathing_01,tachypnea_fast,1.1097819628636685,1.3332391387463094
fast_breathing_01,tachypnea_fast,1.108558310811605,1.3258813435210068
fast_breathing_01,tachypnea_fast,1.1071932801899622,1.3157708424398944
fast_breathing_01,tachypnea_fast,1.106390843368872,1.3096531858811853
fast_breathing_01,tachypnea_fast,1.105414172329765,1.3044601201448387
fast_breathing_01,tachypnea_fast,1.1046621027177912,1.2999622684746277
fast_breathing_01,tachypnea_fast,1.1045927334337893,1.2991078578453934
fast_breathing_01,tachypnea_fast,1.1033947210890587,1.2900746573474295
fast_breathing_01,tachypnea_fast,1.1028216408524951,1.2837697813290523
fast_breathing_01,tachypnea_fast,1.101569289757802,1.2762224467623569
fast_breathing_01,tachypnea_fast,1.1011952550973987,1.2696327015026898
fast_breathing_01,tachypnea_fast,1.1004863304771746,1.265768872332509
fast_breathing_01,tachypnea_fast,1.1000097277384948,1.2625176449092024
fast_breathing_01,tachypnea_fast,1.099451893520091,1.2594344098710626
fast_breathing_01,tachypnea_fast,1.0992101689772007,1.2606134384104757
fast_breathing_01,tachypnea_fast,1.0983128274118208,1.253435521078193
fast_breathing_01,tachypnea_fast,1.098342293747515,1.2506406193881414
fast_breathing_01,tachypnea_fast,1.098147273973065,1.248330937056315
fast_breathing_01,tachypnea_fast,1.0980055919321878,1.2459458468643623
fast_breathing_01,tachypnea_fast,1.0977865035129024,1.2457060173458498
fast_breathing_01,tachypnea_fast,1.097609296643167,1.2403809964605188
fast_breathing_01,tachypnea_fast,1.0978901138318402,1.2405161144928032
fast_breathing_01,tachypnea_fast,1.0976696435081947,1.2418383582686052
fast_breathing_01,tachypnea_fast,1.0981824395268782,1.2460873770336707
fast_breathing_01,tachypnea_fast,1.097746386893813,1.241922834835422
fast_breathing_01,tachypnea_fast,1.0974897189068915,1.2380419136431644
fast_breathing_01,tachypnea_fast,1.0965355284711584,1.2304694190164405
fast_breathing_01,tachypnea_fast,1.0965516206876964,1.2293579139903321
fast_breathing_01,tachypnea_fast,1.0964490885074731,1.2311289477261882
fast_breathing_01,tachypnea_fast,1.0972029352302015,1.2338984112577367
fast_breathing_01,tachypnea_fast,1.0970256241579632,1.2319245813349369
fast_breathing_01,tachypnea_fast,1.0971565257920186,1.2337839323058026
fast_breathing_01,tachypnea_fast,1.0978623289528477,1.2352164173711462
fast_breathing_01,tachypnea_fast,1.0975652718900333,1.23575953566572
fast_breathing_01,tachypnea_fast,1.097607001963721,1.234629801770518
fast_breathing_01,tachypnea_fast,1.0979994117417136,1.2390393540848215
fast_breathing_01,tachypnea_fast,1.0978917581013095,1.239212986618425
fast_breathing_01,tachypnea_fast,1.0975244693735569,1.2363155364487368
fast_breathing_01,tachypnea_fast,1.0978989394504126,1.2368048772619025
fast_breathing_01,tachypnea_fast,1.0983920871898538,1.238915807302333
fast_breathing_01,tachypnea_fast,1.098887836693748,1.2425870600139957
fast_breathing_01,tachypnea_fast,1.0992446384284562,1.2469451423184463
fast_breathing_01,tachypnea_fast,1.1001511873505463,1.2505814044990702
fast_breathing_01,tachypnea_fast,1.1007649677777702,1.2517833969867502
fast_breathing_01,tachypnea_fast,1.1014102131045207,1.2587771236105345
fast_breathing_01,tachypnea_fast,1.1016996428444583,1.264065083770406
fast_breathing_01,tachypnea_fast,1.1021290635745238,1.2701938238822137
fast_breathing_01,tachypnea_fast,1.1018241501109094,1.2663653473389738
fast_breathing_01,tachypnea_fast,1.1016305867899292,1.2621428015794847
fast_breathing_01,tachypnea_fast,1.1010595932584233,1.2597541954108256
fast_breathing_01,tachypnea_fast,1.1005836427530467,1.257325562420799
fast_breathing_01,tachypnea_fast,1.0995088987623836,1.2481086146575104
fast_breathing_01,tachypnea_fast,1.0986218887221089,1.243702544740331
fast_breathing_01,tachypnea_fast,1.098476584725415,1.2400163398581696
fast_breathing_01,tachypnea_fast,1.0975109423697493,1.2329496342008917
fast_breathing_01,tachypnea_fast,1.0965082872185656,1.2254807147989577
fast_breathing_01,tachypnea_fast,1.0959038188831043,1.2197971318348007
fast_breathing_01,tachypnea_fast,1.0954285356542968,1.215554705255992
fast_breathing_01,tachypnea_fast,1.0942155859966052,1.2127872727095548
fast_breathing_01,tachypnea_fast,1.0941042905033755,1.2129467330108428
fast_breathing_01,tachypnea_fast,1.093854675220434,1.2117271752889822
fast_breathing_01,tachypnea_fast,1.0935893089605069,1.2101873649492796
fast_breathing_01,tachypnea_fast,1.0934593149271974,1.2090423531950087
fast_breathing_01,tachypnea_fast,1.0931586446567438,1.2074837272254635
fast_breathing_01,tachypnea_fast,1.093407651040806,1.209199056218829
fast_breathing_01,tachypnea_fast,1.0934577832676173,1.2099490958590644
fast_breathing_01,tachypnea_fast,1.0934434155623518,1.2089623324472634
fast_breathing_01,tachypnea_fast,1.0938978346077468,1.2142794367402239
fast_breathing_01,tachypnea_fast,1.0939109897424881,1.2161680228988816
fast_breathing_01,tachypnea_fast,1.0928888132710504,1.2061484630746848
fast_breathing_01,tachypnea_fast,1.0914713781652612,1.1939906609167736
fast_breathing_01,tachypnea_fast,1.0918259964479138,1.1920363283143962
fast_breathing_01,tachypnea_fast,1.0898660411546752,1.1719532583492662
fast_breathing_01,tachypnea_fast,1.0891241460950412,1.157704641945027
fast_breathing_01,tachypnea_fast,1.0875464474841037,1.1409114324701877
fast_breathing_01,tachypnea_fast,1.086445958513009,1.1273271882176241
fast_breathing_01,tachypnea_fast,1.0861226346455317,1.1217664854147875
apnea_01,apnea_hold,1.0482010807515443,0.8476866759965644
apnea_01,apnea_hold,1.0475301959992966,0.8441873088500808
apnea_01,apnea_hold,1.047060106489741,0.8421064234407123
apnea_01,apnea_hold,1.04700994792874,0.839244227350473
apnea_01,apnea_hold,1.047064046889422,0.8382137636749576
apnea_01,apnea_hold,1.0469216618294748,0.8355969752528647
apnea_01,apnea_hold,1.0468438693727402,0.8341864211006634
apnea_01,apnea_hold,1.0464052243521846,0.8318939790086235
apnea_01,apnea_hold,1.0464560448523457,0.8305813549216187
apnea_01,apnea_hold,1.0467088554812773,0.82878178408307
apnea_01,apnea_hold,1.0465943790509211,0.8275521227971501
apnea_01,apnea_hold,1.0468134060653473,0.8278442815032115
apnea_01,apnea_hold,1.0471508176140139,0.8257784780650527
apnea_01,apnea_hold,1.047515055749814,0.8269482734842333
apnea_01,apnea_hold,1.0473209336375178,0.8260856666343301
apnea_01,apnea_hold,1.0478449913340726,0.8280334514399392
apnea_01,apnea_hold,1.0481013753057828,0.8299234279785187
apnea_01,apnea_hold,1.048153462558313,0.8293848138330617
apnea_01,apnea_hold,1.0486373795698687,0.8318547007035056
apnea_01,apnea_hold,1.0489260243939529,0.834521779403836
apnea_01,apnea_hold,1.0490062189217484,0.8361960132968059
apnea_01,apnea_hold,1.0490053600638696,0.8349701434280844
apnea_01,apnea_hold,1.0489716964040898,0.8389875124141484
apnea_01,apnea_hold,1.049234917414844,0.8397782191171286
apnea_01,apnea_hold,1.0491494354947595,0.8403496220324987
apnea_01,apnea_hold,1.0487383125609793,0.8411290890453553
apnea_01,apnea_hold,1.0490930936289915,0.8425779603501857
apnea_01,apnea_hold,1.0490837158193975,0.8438155381086149
apnea_01,apnea_hold,1.0493604108443433,0.8466253067491554
apnea_01,apnea_hold,1.0497924698206298,0.8488071502978388
apnea_01,apnea_hold,1.0502188097184315,0.8499808298966653
apnea_01,apnea_hold,1.050251318110925,0.8508849911304023
apnea_01,apnea_hold,1.0502230116335267,0.8551743926800072
apnea_01,apnea_hold,1.0509719396885142,0.8598569371904676
apnea_01,apnea_hold,1.05111336510929,0.866436415219926
apnea_01,apnea_hold,1.0512183339323473,0.8662764381939158
apnea_01,apnea_hold,1.0518627812065333,0.8681992987046598
apnea_01,apnea_hold,1.0524604904325652,0.869449452725941
apnea_01,apnea_hold,1.052530726006586,0.8729119595840783
apnea_01,apnea_hold,1.0524797439234568,0.872905063046528
apnea_01,apnea_hold,1.052907657608558,0.8766757316257876
apnea_01,apnea_hold,1.053498937909222,0.8789727653526549
apnea_01,apnea_hold,1.054072302044619,0.8807562795001264
apnea_01,apnea_hold,1.0543727645387564,0.8846587002601657
apnea_01,apnea_hold,1.0548678595535543,0.8880798039848857
apnea_01,apnea_hold,1.0554477691207362,0.8859606555779075
apnea_01,apnea_hold,1.0556313679519522,0.8894230637844353
apnea_01,apnea_hold,1.0558834444830458,0.8895329847789201
apnea_01,apnea_hold,1.0560962187502136,0.889273150579314
apnea_01,apnea_hold,1.0562369189860066,0.8905900838820349
apnea_01,apnea_hold,1.0564060325543263,0.8962484493582976
apnea_01,apnea_hold,1.0566171782900569,0.8947349615600033
apnea_01,apnea_hold,1.0572977325612167,0.8996883195093534
apnea_01,apnea_hold,1.0569198363682142,0.8993740432595553
apnea_01,apnea_hold,1.0576859472265747,0.8970775616778908
apnea_01,apnea_hold,1.0583132144283776,0.9006982523960423
apnea_01,apnea_hold,1.0581864329678001,0.8988827152153623
apnea_01,apnea_hold,1.058577862105554,0.9006579988336081
apnea_01,apnea_hold,1.0586107919157925,0.8977346831771572
apnea_01,apnea_hold,1.059070205360589,0.8984395346643128
apnea_01,apnea_hold,1.0590869380770502,0.8967529437588752
apnea_01,apnea_hold,1.0589488034052328,0.896081865951303
apnea_01,apnea_hold,1.0586798691841512,0.8917552428934026
apnea_01,apnea_hold,1.0587699422896257,0.8900240231882156
apnea_01,apnea_hold,1.0591145735761025,0.8898648304078541
apnea_01,apnea_hold,1.0595658721733454,0.8943932439127535
apnea_01,apnea_hold,1.0599921120885811,0.8937414471370675
apnea_01,apnea_hold,1.0601560096392493,0.8959059196954582
apnea_01,apnea_hold,1.0604548721106528,0.8960978060857564
apnea_01,apnea_hold,1.0605276562536388,0.8965277108662403
apnea_01,apnea_hold,1.0609910426245515,0.8968302447760407
apnea_01,apnea_hold,1.0613483799901213,0.9004797665972224
apnea_01,apnea_hold,1.061375359791477,0.8967595300086451
apnea_01,apnea_hold,1.061470512735659,0.8960221609267558
apnea_01,apnea_hold,1.0610098057144375,0.8957179128950503
apnea_01,apnea_hold,1.0606150258167315,0.8952580006632125
apnea_01,apnea_hold,1.0607928731219436,0.8977761143911419
apnea_01,apnea_hold,1.0610820403065138,0.8992821355110089
apnea_01,apnea_hold,1.0611753604385226,0.901295886426823
apnea_01,apnea_hold,1.0611378314552538,0.9003541487027146
apnea_01,apnea_hold,1.0614390219507608,0.9023148064059668
apnea_01,apnea_hold,1.0621426618912495,0.9055664973505781
apnea_01,apnea_hold,1.062369946771055,0.9087624366460002
apnea_01,apnea_hold,1.0625019729277385,0.9116787853145563
apnea_01,apnea_hold,1.0623826522156368,0.9098986838034663
apnea_01,apnea_hold,1.0623671387950984,0.909816470781027
apnea_01,apnea_hold,1.0625636695582237,0.9113424992259448
apnea_01,apnea_hold,1.0630012893006067,0.9137279346710501
apnea_01,apnea_hold,1.0634498433592772,0.9164191549469983
apnea_01,apnea_hold,1.063676644902142,0.9167308593986606
apnea_01,apnea_hold,1.0639933683112062,0.9199282639844335
apnea_01,apnea_hold,1.0638238939170794,0.9203579014410691
apnea_01,apnea_hold,1.0639188069702816,0.921001830551787
apnea_01,apnea_hold,1.0645789231474145,0.9261674700290962
apnea_01,apnea_hold,1.064883254704713,0.9264347873796674
apnea_01,apnea_hold,1.0651726217379165,0.9293493634638692
apnea_01,apnea_hold,1.065365290383574,0.9293229413174455
apnea_01,apnea_hold,1.0650054999098275,0.9296604250510859
apnea_01,apnea_hold,1.0652549225044925,0.9281710804770472
apnea_01,apnea_hold,1.0654129190285089,0.9312536839153315
apnea_01,apnea_hold,1.0654512800989204,0.9315798645750226
apnea_01,apnea_hold,1.0647379365344176,0.9290109282642323
apnea_01,apnea_hold,1.0646974422911895,0.9281868412190594
apnea_01,apnea_hold,1.0646509317222994,0.9275940760128222
apnea_01,apnea_hold,1.0644664671643622,0.9285886908339611
apnea_01,apnea_hold,1.0640999893804142,0.9288848500637876
apnea_01,apnea_hold,1.063869944292031,0.9290275932539532
apnea_01,apnea_hold,1.063867556721381,0.9327136925377919
apnea_01,apnea_hold,1.0633855958283251,0.9315455409553915
apnea_01,apnea_hold,1.0634046194627071,0.9338416281559129
apnea_01,apnea_hold,1.0641585008425387,0.9451929176980234
